<?xml version="1.0" encoding="UTF-8"?>
<project-private xmlns="http://www.netbeans.org/ns/project-private/1">
    <editor-bookmarks xmlns="http://www.netbeans.org/ns/editor-bookmarks/2" lastBookmarkId="0"/>
    <open-files xmlns="http://www.netbeans.org/ns/projectui-open-files/2">
        <group>
            <file>file:/home/andrew/Documents/TNTU/DataBase/Lab_3/src/Factory/Factory.java</file>
            <file>file:/home/andrew/Documents/TNTU/DataBase/Lab_3/src/Models/Movie.java</file>
            <file>file:/home/andrew/Documents/TNTU/DataBase/Lab_3/src/Models/Rating.java</file>
            <file>file:/home/andrew/Documents/TNTU/DataBase/Lab_3/src/Models/Reviewer.java</file>
            <file>file:/home/andrew/Documents/TNTU/DataBase/Lab_3/src/Database/Table.java</file>
            <file>file:/home/andrew/Documents/TNTU/DataBase/Lab_3/src/Database/DataBase.java</file>
            <file>file:/home/andrew/Documents/TNTU/DataBase/Lab_3/src/lab_3/Lab_3.java</file>
        </group>
    </open-files>
</project-private>
